﻿회사명,stock_code,2022년,2023년,2024년,E_value_등급,S_value_등급,G_value_등급,재무_value_등급,성장성_value_등급
삼양홀딩스,70,비플러스,비플러스,비플러스,비,에이,에이,에이,씨
유한양행,100,비플러스,에이,에이,비,에이,에이,에이,씨
CJ대한통운,120,비플러스,에이,에이,비,에이,에이,에이,비플러스
두산,150,비플러스,비플러스,비플러스,비,에이,에이,에이,씨
DL,210,에이,에이,에이,비플러스,디,비플러스,에이,씨
일동홀딩스,230,비플러스,에이,에이,비,씨,비,씨,디
노루홀딩스,320,에이,에이,에이,비플러스,디,비,비플러스,비
동아쏘시오홀딩스,640,에이,에이,에이,비,디,에이,비플러스,비
SK하이닉스,660,비플러스,에이,에이,비플러스,에이,에이플러스,에이플러스,에이
유수홀딩스,700,비플러스,비플러스,비플러스,비,씨,비플러스,씨,씨
현대건설,720,에이,에이,에이,비,에이,에이,에이,비플러스
한화,880,에이,비플러스,에이,비플러스,에이,에이,에이플러스,에이
CJ,1040,비플러스,에이,에이,비,씨,에이,에이,에이플러스
LX인터내셔널,1120,에이,비플러스,에이,비,에이,에이,에이,디
GS글로벌,1250,비플러스,비플러스,비플러스,비플러스,씨,비플러스,비플러스,에이
대한전선,1440,에이,에이,에이,비플러스,비플러스,비플러스,비플러스,비플러스
종근당홀딩스,1630,비플러스,비플러스,비플러스,비플러스,씨,씨,비플러스,씨
대상,1680,비플러스,에이,에이,비,에이,에이,에이,비플러스
SK네트웍스,1740,에이,에이,에이,비플러스,에이,에이,에이,에이
오리온홀딩스,1800,에이,에이,에이,비플러스,씨,비,에이,비
아세아,2030,비플러스,에이,에이,비플러스,디,비,에이,씨
한진,2320,비플러스,에이,에이,비,에이,에이,비플러스,씨
넥센타이어,2350,비플러스,비플러스,비플러스,비플러스,비플러스,에이,비플러스,비
한독,2390,비플러스,에이,에이,비,비플러스,비플러스,비,씨
TYM,2900,비플러스,비플러스,비플러스,비,에이,에이,비,비
대웅,3090,비플러스,비플러스,비플러스,비플러스,비,비,비플러스,씨
삼양식품,3230,비플러스,에이,에이,비,에이,에이,비플러스,비플러스
대한항공,3490,에이,에이,에이,비플러스,에이,에이플러스,에이,디
영진약품,3520,비플러스,비플러스,비플러스,비플러스,비플러스,비,씨,씨
LG,3550,에이,에이,에이,비플러스,비,에이,에이,디
포스코퓨처엠,3670,비플러스,에이,에이,비,에이,에이,에이,비
보령,3850,비플러스,비플러스,비플러스,비,에이,비플러스,비플러스,비
롯데정밀화학,4000,에이,에이플러스,에이,비플러스,비플러스,에이,비플러스,디
현대제철,4020,에이,에이,에이,비플러스,에이,에이,에이,디
한솔홀딩스,4150,에이,에이,에이,비플러스,씨,비플러스,비,씨
신세계,4170,에이,에이,에이,비,에이,에이,에이,씨
한솔테크닉스,4710,비플러스,비플러스,에이,비,비,비플러스,비플러스,비플러스
효성,4800,비플러스,에이,에이,비플러스,에이,에이,에이,디
롯데지주,4990,에이,에이,에이,비,비,에이,에이,비
SGC에너지,5090,비플러스,비플러스,비플러스,비,씨,비,에이,비플러스
빙그레,5180,에이,에이,에이,비,에이,비플러스,비플러스,에이
녹십자홀딩스,5250,비플러스,비플러스,비플러스,비플러스,씨,디,비플러스,씨
현대지에프홀딩스,5440,에이,에이,에이,비플러스,씨,비플러스,에이,디
POSCO홀딩스,5490,에이,에이플러스,에이,비,비플러스,에이,에이플러스,에이
넥센,5720,비플러스,비플러스,비플러스,비,비,비플러스,비플러스,비
에스엘,5850,비플러스,비플러스,비플러스,비,에이,비플러스,비플러스,에이
삼성전자,5930,에이,에이,에이,비플러스,에이플러스,에이플러스,에이플러스,에이
SK디스커버리,6120,에이,에이,에이,비플러스,디,에이,에이,디
녹십자,6280,비플러스,비플러스,비플러스,비플러스,에이,씨,비플러스,씨
GS건설,6360,에이,에이,에이,비플러스,에이플러스,에이,에이,디
한일현대시멘트,6390,비플러스,비플러스,비플러스,비,비,디,비,비
삼성SDI,6400,에이,에이,에이,비플러스,에이플러스,에이,에이,씨
AK홀딩스,6840,비플러스,에이,에이,비플러스,디,씨,에이,비
GS리테일,7070,에이,에이,에이,비,에이플러스,비플러스,에이,비플러스
서연,7860,비플러스,비플러스,비플러스,비,디,비플러스,비플러스,에이
대덕,8060,비플러스,비플러스,비플러스,비플러스,디,디,비,씨
호텔신라,8770,에이,에이,에이,비플러스,에이,에이,에이,비
한미사이언스,8930,비플러스,비플러스,에이,비플러스,비,비,비플러스,비플러스
삼성전기,9150,에이,에이,에이,비플러스,에이,에이,에이,디
한샘,9240,에이,에이,에이,비,에이,비플러스,비플러스,에이
HD한국조선해양,9540,비플러스,에이,에이,비,에이,비플러스,에이,비플러스
무림P&P,9580,비플러스,비플러스,비플러스,비,비플러스,비,비플러스,디
OCI홀딩스,10060,에이,에이,에이,비,씨,에이,에이,디
삼성중공업,10140,비플러스,에이,에이,비,에이,에이,에이,비플러스
HD현대미포,10620,비플러스,에이,에이,비,비플러스,비플러스,에이,씨
아이에스동서,10780,비플러스,비플러스,비플러스,비,비플러스,에이,에이,에이
LG이노텍,11070,에이,에이,에이,비플러스,에이,에이,에이,비플러스
롯데케미칼,11170,에이,비플러스,에이,비,에이,에이,에이,씨
HMM,11200,에이,에이,에이,비,에이,비플러스,에이,디
현대위아,11210,에이,에이플러스,에이,비플러스,에이,비플러스,에이,비플러스
SKC,11790,에이,에이플러스,에이,비플러스,비,에이,에이,디
현대모비스,12330,에이,에이,에이,비플러스,에이,에이,에이,에이플러스
한화에어로스페이스,12450,비플러스,에이,에이,비플러스,에이,에이,에이,비
에스원,12750,비플러스,비플러스,비플러스,비플러스,에이,비플러스,비플러스,비플러스
지누스,13890,비플러스,에이,에이,비,씨,비,비플러스,디
HL D&I,14790,비플러스,에이,에이,비,비플러스,에이,비,씨
한세예스24홀딩스,16450,비플러스,에이,에이,비플러스,씨,비플러스,비플러스,비플러스
SK텔레콤,17670,에이,에이,에이,비플러스,에이,에이,에이,씨
풀무원,17810,에이,에이,에이,비,비플러스,에이,비플러스,비플러스
E1,17940,비플러스,에이,에이,비,씨,비플러스,에이,에이
애경산업,18250,에이,에이,에이,비플러스,비플러스,비플러스,씨,에이
삼성에스디에스,18260,에이,에이,에이,비플러스,에이,에이,에이,씨
한온시스템,18880,에이,비플러스,에이,비,비플러스,에이,에이,비
한섬,20120,비플러스,에이,에이,비,비플러스,에이,비플러스,비플러스
코웨이,21320,비플러스,에이,에이,비,에이,에이,에이,비
롯데쇼핑,23590,에이,에이,에이,비플러스,에이,에이,에이,비플러스
콜마홀딩스,24890,비플러스,에이,에이,비,씨,에이,비,씨
BGF,27740,비플러스,에이,에이,비,디,씨,비,씨
삼성E&A,28100,에이,에이,에이,비플러스,에이,에이,에이,에이
삼성물산,28300,에이,에이플러스,에이,비플러스,에이,에이,에이플러스,에이
제일기획,30190,에이,에이,에이,비,에이,씨,에이,에이
신세계인터내셔날,31440,비플러스,에이,에이,비플러스,비플러스,비플러스,비플러스,비
LG유플러스,33170,에이,에이,에이,비,에이,에이,에이,비
LG디스플레이,34230,에이,비플러스,에이,비플러스,에이,에이,에이,씨
신세계건설,34310,비플러스,비플러스,비플러스,비,비플러스,비,씨,디
NICE,34590,비플러스,비플러스,비플러스,비플러스,디,에이,비플러스,비
SK,35000,에이플러스,에이플러스,에이플러스,비플러스,에이,에이,에이플러스,에이
강원랜드,35420,에이,에이,에이,비,에이,에이플러스,에이,에이
NAVER,35510,에이,에이플러스,에이플러스,비플러스,에이,에이,에이,씨
카카오,35760,에이,에이,에이,비플러스,에이,에이,에이,디
한국가스공사,36530,비플러스,에이,비플러스,비플러스,에이,에이,에이,에이
엔씨소프트,36580,에이,에이,에이,비,에이플러스,에이,에이,디
LG헬로비전,37710,에이,에이,에이,비,에이,비플러스,비플러스,비플러스
광주신세계,38500,비플러스,에이,에이,비플러스,씨,비플러스,비,씨
하나투어,39200,비플러스,비플러스,비플러스,비플러스,에이,에이,비,에이
한화오션,42670,비플러스,비플러스,에이,비,에이,에이,에이,비
HD현대인프라코어,42700,비플러스,에이,에이,비,에이,비플러스,에이,디
KSS해운,44820,비플러스,비플러스,비플러스,비플러스,비,에이,비,디
대우건설,47050,비플러스,에이,에이,비플러스,에이,에이,에이,비
포스코인터내셔널,47400,에이,에이,에이,비,에이,비플러스,에이,에이플러스
한전KPS,51630,에이,에이,에이,비플러스,에이,에이,비플러스,에이
LG생활건강,51910,에이,에이,에이,비플러스,에이플러스,에이,에이,디
한전기술,53030,비플러스,에이,에이,비,에이,에이,비,씨
한미글로벌,53800,비플러스,비플러스,에이,비,비플러스,에이,씨,씨
테이팩스,56190,비플러스,에이,에이,비,씨,비플러스,디,디
현대홈쇼핑,58430,에이,에이,에이,비,에이,에이,비플러스,비플러스
포스코스틸리온,58470,에이,에이,에이,비,비,디,씨,에이
KTcs,58860,에이,에이,에이,비플러스,에이,비플러스,비,에이
KTis,60150,비플러스,비플러스,에이,비,에이,비플러스,씨,비
HL홀딩스,61970,비플러스,에이,에이,비,비,에이,비플러스,씨
현대로템,64550,에이,에이,에이,비플러스,에이,에이,에이,씨
LG전자,66970,에이,에이,에이플러스,비,에이,에이,에이,에이플러스
대웅제약,69640,비플러스,비플러스,비플러스,비,에이,비플러스,비플러스,씨
현대백화점,70960,에이,에이플러스,에이,비,에이,에이,에이,씨
지역난방공사,71840,에이플러스,에이플러스,에이,비플러스,에이,에이,에이,씨
롯데하이마트,71950,에이,에이,에이,비,에이,에이,비플러스,비플러스
금호타이어,74600,비플러스,에이,에이,비플러스,에이,에이,에이,비플러스
CJ CGV,79430,비플러스,에이,에이,비,에이,에이,비플러스,디
현대리바트,79550,에이,에이,에이,비플러스,비플러스,비플러스,비,에이
LIG넥스원,79980,에이,에이,에이,비,에이,에이,에이,씨
휴비스,80160,비플러스,에이,에이,비,비,비,비,비플러스
휠라홀딩스,82270,비플러스,에이,에이,비,씨,에이,비플러스,디
한화엔진,83420,비플러스,비플러스,비플러스,비플러스,비,비플러스,비플러스,비
대상홀딩스,84850,비플러스,비플러스,에이,비,씨,씨,에이,비
현대글로비스,86390,에이,에이플러스,에이,비플러스,에이,에이,에이,에이
노루페인트,90360,에이,비플러스,에이,비플러스,비,씨,비,비플러스
아모레퍼시픽,90460,에이,에이,에이,비플러스,에이플러스,에이,에이,씨
AJ네트웍스,95610,비플러스,비플러스,에이,비플러스,에이,비,비플러스,비
JW홀딩스,96770,비플러스,비플러스,비플러스,비,씨,비플러스,비,씨
SK이노베이션,97230,에이,에이플러스,에이플러스,비플러스,에이,에이,에이,에이
CJ제일제당,98460,에이,에이,에이,비플러스,에이플러스,비플러스,에이,씨
동성케미컬,102280,비플러스,에이,에이,비,비,비,비플러스,비플러스
LX세미콘,108670,에이,비플러스,에이,비,에이,비플러스,비플러스,디
LX하우시스,109070,에이,에이,에이,비플러스,에이,에이,에이,에이
영원무역,112040,비플러스,비플러스,에이,비,비,에이,에이,씨
GKL,115390,에이,비플러스,비플러스,비,에이,에이,씨,에이
코오롱인더,121600,비플러스,비플러스,에이,비,에이,에이,에이,씨
현대퓨처넷,128820,에이,에이,에이,비플러스,디,비,씨,디
한미약품,129260,비플러스,비플러스,에이,비,에이,에이,에이,비
이마트,139990,에이,에이,에이,비,에이,에이,에이,비
삼양사,155660,비플러스,비플러스,비플러스,비,에이,에이,비플러스,비플러스
애경케미칼,161390,비플러스,에이,에이,비,비플러스,비플러스,비플러스,디
한국콜마,163560,비플러스,에이,에이,비,비플러스,에이,비플러스,비
동아에스티,178320,에이,에이,에이,비플러스,에이,에이,비플러스,씨
한진칼,181710,에이,에이,에이,비플러스,디,에이,에이,디
종근당,189300,비플러스,비플러스,에이,비,에이,비플러스,비플러스,비플러스
해성디에스,195940,비플러스,에이,에이,비,에이,에이,비,씨
서연이화,204320,비플러스,비플러스,에이,비,비플러스,비플러스,비플러스,에이
HL만도,206650,에이,에이,에이,비플러스,에이,에이,에이,에이
삼성바이오로직스,210540,에이,에이플러스,에이플러스,비,에이,에이,에이,디
SK디앤디,213420,에이,에이,에이,비플러스,씨,에이,비플러스,디
한솔제지,214150,비플러스,에이,에이,비플러스,비플러스,에이,비플러스,씨
이노션,214330,비플러스,비플러스,비플러스,비플러스,비플러스,에이,에이,비
경보제약,214420,비플러스,비플러스,비플러스,비플러스,비플러스,디,씨,씨
두산밥캣,241590,비플러스,에이,에이,비,씨,에이,에이,비
화승엔터프라이즈,243070,비플러스,비플러스,비플러스,비플러스,디,비플러스,비플러스,비
HD현대,267260,에이,에이,에이,비,씨,비플러스,에이,에이
HD현대일렉트릭,267270,비플러스,에이,에이,비,에이,비플러스,에이,비플러스
HD현대건설기계,267290,에이,에이플러스,에이,비플러스,비플러스,비플러스,비플러스,씨
오리온,271940,에이,에이,에이,비,에이,비플러스,에이,비
한화시스템,272290,에이,에이,에이,비,에이,비플러스,에이,씨
진에어,272550,비플러스,에이,에이,비,에이,비플러스,비플러스,비플러스
롯데웰푸드,281820,에이,비플러스,비플러스,비플러스,에이플러스,에이,에이,비플러스
BGF리테일,282690,에이,에이,에이,비,에이,에이,에이,에이
SK케미칼,286940,에이플러스,에이플러스,에이,비플러스,에이,에이,비플러스,디
롯데이노베이트,290650,에이,에이,에이,비플러스,에이,비플러스,비플러스,에이
효성화학,298020,에이,에이,에이,비플러스,에이,비플러스,씨,씨
효성티앤씨,298040,에이,에이,에이,비,에이,비플러스,에이,에이
효성중공업,298050,에이,에이,에이,비,에이플러스,에이,에이,에이
효성첨단소재,298380,에이,에이,에이,비플러스,비플러스,비플러스,에이,디
SK바이오사이언스,306200,에이,에이,에이,비,에이,비플러스,비플러스,디
세아제강,307950,비플러스,에이,에이,비,비,비,에이,에이
현대오토에버,308170,비플러스,에이,에이,비,에이,에이,에이,비플러스
HD현대에너지솔루션,323990,에이,에이,에이,비플러스,씨,비,씨,디
HD현대중공업,336260,비플러스,에이,에이,비플러스,에이,비플러스,에이,비
두산퓨얼셀,336370,비플러스,에이,에이,비플러스,비플러스,비플러스,비플러스,디
대덕전자,357780,비플러스,에이,에이,비,에이,씨,비플러스,씨
티와이홀딩스,372910,비플러스,비플러스,비플러스,비,디,비플러스,비,디
DL이앤씨,376300,에이,에이,에이,비,에이,비플러스,에이,디
